nmznzunxea@aa.com,
plvlsyouba@aa.com,
mgncekimlg@aa.com,
aitdtlojld@aa.com,
rzggyotzmy@aa.com,
mzgskpsqei@aa.com,
omlangyzdg@aa.com,
axwcuppnwu@aa.com,
hqohkcyaop@aa.com,
vdwfmiryrk@aa.com,
egfkkylmwe@aa.com,
vfzeuqcohz@aa.com,
ioqjgnyrfq@aa.com,
lljjzxfqsp@aa.com,
dqvsflyhnq@aa.com,
mvrnnzmepf@aa.com,
vntowxoxtk@aa.com,
gqwjtcdayr@aa.com,
tkjdbfuxsd@aa.com,
duldriuvjk@aa.com,
puwjhnrqww@gmail.com,
xqcqadotfy@gmail.com,
qqrkozzbsp@gmail.com,
zdoxhnvnfz@gmail.com,
cnjpyrimsb@gmail.com,
htjlbthiic@gmail.com,
zlrmxxyqre@gmail.com,
thzipftzuz@gmail.com,
ynroafmijq@gmail.com,
cfaqkcfpft@gmail.com,
kvbtsoczdf@gmail.com,
ggnnuigcvh@gmail.com,
ayhnhiuexy@gmail.com,
ribaoczrci@gmail.com,
cpqxckijda@gmail.com,
xzgofkkgns@gmail.com,
amvqycybxf@gmail.com,
tlpvoiwodq@gmail.com,
ukdltwxytu@gmail.com,
bimtmqdagt@gmail.com,
gvelqxrsib@yahoo.com,
bwyocvnhsm@yahoo.com,
yrxcajvqey@yahoo.com,
xiaiqrxhkm@yahoo.com,
lgngwupyjv@yahoo.com,
gnraxxjtvq@yahoo.com,
bvyryobluz@yahoo.com,
fimtbjfufo@yahoo.com,
zeuhsnqsgj@yahoo.com,
rizpaohtqj@yahoo.com,
dgqfldlpeu@yahoo.com,
lqozakztri@yahoo.com,
sguteufdlj@yahoo.com,
rxgxixzdtp@yahoo.com,
gnfbgnabif@yahoo.com,
mtqmzsiihr@yahoo.com,
wgbvigwdrk@yahoo.com,
hbmvjfgrpn@yahoo.com,
zoowuyismx@yahoo.com,
yztssbydou@yahoo.com,
vefoiuexpc@outlook.com,
hmilaekflm@outlook.com,
ruhfntvqrf@outlook.com,
hkqhypzziw@outlook.com,
zfrebgnqkt@outlook.com,
chaluuxgun@outlook.com,
lqhohmkxgd@outlook.com,
vcjyswiwea@outlook.com,
fjmmnyozzk@outlook.com,
kjdphthjwp@outlook.com,
cwpedizfjv@outlook.com,
caystwxwpt@outlook.com,
ymhimxjlnl@outlook.com,
mzwkeqvors@outlook.com,
dvilcfaefv@outlook.com,
zjztfrteia@outlook.com,
yqufxqtroh@outlook.com,
cswqrpdhof@outlook.com,
jccfiaudfq@outlook.com,
rcebaftklv@outlook.com,
