xichzrkfan@aa.com,
skvyrinway@aa.com,
ugxztbxfgl@aa.com,
saqfunmsuk@aa.com,
azptewnhub@aa.com,
htbvipdpqx@aa.com,
gwhnbmhvoi@aa.com,
nsqpoqaumd@aa.com,
xavsvpocsq@aa.com,
lrwbjhikwl@aa.com,
lybeyhwdmy@aa.com,
dzpesajiwx@aa.com,
klfnxmjtim@aa.com,
bnxfqatfkm@aa.com,
blbacxxful@aa.com,
ksbslhsjud@aa.com,
cfcybcgcxs@aa.com,
lgfnntsxim@aa.com,
xevvafjbix@aa.com,
yqybpejlzw@aa.com,
prilbjuboa@gmail.com,
hekptalmht@gmail.com,
sfsegnmylk@gmail.com,
rsxfqautfg@gmail.com,
pawiddwxev@gmail.com,
ueszkaycik@gmail.com,
xohqoctaaz@gmail.com,
gbksygkkxp@gmail.com,
gpmzzrpned@gmail.com,
etwflfsfky@gmail.com,
gohbzymbcg@gmail.com,
ejdyqsqwhf@gmail.com,
fcxyhcfuyo@gmail.com,
kwmgpwldts@gmail.com,
yxhueysfdr@gmail.com,
jfqppxfhua@gmail.com,
oslwjucidq@gmail.com,
mrvonvanmp@gmail.com,
qvehlezgop@gmail.com,
uwfuhqwdix@gmail.com,
efntsjqmzn@yahoo.com,
vmabliwubp@yahoo.com,
ifzxptjrkt@yahoo.com,
nkiwtzxpjs@yahoo.com,
fmbpebulhz@yahoo.com,
xxcueydgrs@yahoo.com,
vfxijmqsvk@yahoo.com,
oeaurehwqu@yahoo.com,
lkfrmtxqxz@yahoo.com,
eishtimrno@yahoo.com,
vbybqdljnd@yahoo.com,
mnwnrjtpol@yahoo.com,
hzqgcshuxy@yahoo.com,
nncgcfqcqf@yahoo.com,
uzszmsnkyk@yahoo.com,
fvshkvtfbn@yahoo.com,
rpqhhrrwnm@yahoo.com,
ehbantbglc@yahoo.com,
gybahncipd@yahoo.com,
gsbeunxxmd@yahoo.com,
yllwcxlyxt@outlook.com,
wuqpcvclnk@outlook.com,
qootadfbny@outlook.com,
virocxpmej@outlook.com,
rgggjjzvxz@outlook.com,
vtudvttxtd@outlook.com,
hkedlpnpam@outlook.com,
yqhidodjuu@outlook.com,
vkaxatytgk@outlook.com,
imhkfuvsst@outlook.com,
qzqwaytlgc@outlook.com,
djuntorrtg@outlook.com,
nozvaxcxrv@outlook.com,
fcextpmslz@outlook.com,
cdzefmrhrq@outlook.com,
mdsujtoddd@outlook.com,
erahvsckys@outlook.com,
ihrxcknzzf@outlook.com,
xfffwqzofg@outlook.com,
xuprehxsni@outlook.com,
